PRAGMA foreign_keys=OFF;
BEGIN TRANSACTION;
CREATE TABLE IF NOT EXISTS "django_migrations" ("id" integer NOT NULL PRIMARY KEY AUTOINCREMENT, "app" varchar(255) NOT NULL, "name" varchar(255) NOT NULL, "applied" datetime NOT NULL);
INSERT INTO django_migrations VALUES(1,'contenttypes','0001_initial','2024-05-12 21:46:56.303903');
INSERT INTO django_migrations VALUES(2,'contenttypes','0002_remove_content_type_name','2024-05-12 21:46:56.381737');
INSERT INTO django_migrations VALUES(3,'auth','0001_initial','2024-05-12 21:46:56.468989');
INSERT INTO django_migrations VALUES(4,'auth','0002_alter_permission_name_max_length','2024-05-12 21:46:56.489992');
INSERT INTO django_migrations VALUES(5,'auth','0003_alter_user_email_max_length','2024-05-12 21:46:56.505989');
INSERT INTO django_migrations VALUES(6,'auth','0004_alter_user_username_opts','2024-05-12 21:46:56.527988');
INSERT INTO django_migrations VALUES(7,'auth','0005_alter_user_last_login_null','2024-05-12 21:46:56.546274');
INSERT INTO django_migrations VALUES(8,'auth','0006_require_contenttypes_0002','2024-05-12 21:46:56.559274');
INSERT INTO django_migrations VALUES(9,'auth','0007_alter_validators_add_error_messages','2024-05-12 21:46:56.577274');
INSERT INTO django_migrations VALUES(10,'auth','0008_alter_user_username_max_length','2024-05-12 21:46:56.599273');
INSERT INTO django_migrations VALUES(11,'auth','0009_alter_user_last_name_max_length','2024-05-12 21:46:56.616277');
INSERT INTO django_migrations VALUES(12,'auth','0010_alter_group_name_max_length','2024-05-12 21:46:56.638804');
INSERT INTO django_migrations VALUES(13,'auth','0011_update_proxy_permissions','2024-05-12 21:46:56.655810');
INSERT INTO django_migrations VALUES(14,'auth','0012_alter_user_first_name_max_length','2024-05-12 21:46:56.674811');
INSERT INTO django_migrations VALUES(15,'users','0001_initial','2024-05-12 21:46:56.708806');
INSERT INTO django_migrations VALUES(16,'admin','0001_initial','2024-05-12 21:46:56.741699');
INSERT INTO django_migrations VALUES(17,'admin','0002_logentry_remove_auto_add','2024-05-12 21:46:56.767701');
INSERT INTO django_migrations VALUES(18,'admin','0003_logentry_add_action_flag_choices','2024-05-12 21:46:56.788697');
INSERT INTO django_migrations VALUES(19,'authtoken','0001_initial','2024-05-12 21:46:56.811708');
INSERT INTO django_migrations VALUES(20,'authtoken','0002_auto_20160226_1747','2024-05-12 21:46:56.864581');
INSERT INTO django_migrations VALUES(21,'authtoken','0003_tokenproxy','2024-05-12 21:46:56.882580');
INSERT INTO django_migrations VALUES(22,'authtoken','0004_alter_tokenproxy_options','2024-05-12 21:46:56.902582');
INSERT INTO django_migrations VALUES(23,'chat','0001_initial','2024-05-12 21:46:56.923582');
INSERT INTO django_migrations VALUES(24,'chat','0002_initial','2024-05-12 21:46:56.987578');
INSERT INTO django_migrations VALUES(25,'sessions','0001_initial','2024-05-12 21:46:57.013581');
INSERT INTO django_migrations VALUES(26,'chat','0003_message_previous_message','2024-05-13 15:53:48.046165');
INSERT INTO django_migrations VALUES(27,'chat','0004_alter_message_options_and_more','2024-05-13 15:56:23.727338');
CREATE TABLE IF NOT EXISTS "django_content_type" ("id" integer NOT NULL PRIMARY KEY AUTOINCREMENT, "app_label" varchar(100) NOT NULL, "model" varchar(100) NOT NULL);
INSERT INTO django_content_type VALUES(1,'admin','logentry');
INSERT INTO django_content_type VALUES(2,'auth','permission');
INSERT INTO django_content_type VALUES(3,'auth','group');
INSERT INTO django_content_type VALUES(4,'contenttypes','contenttype');
INSERT INTO django_content_type VALUES(5,'sessions','session');
INSERT INTO django_content_type VALUES(6,'authtoken','token');
INSERT INTO django_content_type VALUES(7,'authtoken','tokenproxy');
INSERT INTO django_content_type VALUES(8,'chat','message');
INSERT INTO django_content_type VALUES(9,'chat','thread');
INSERT INTO django_content_type VALUES(10,'users','customuser');
CREATE TABLE IF NOT EXISTS "auth_group_permissions" ("id" integer NOT NULL PRIMARY KEY AUTOINCREMENT, "group_id" integer NOT NULL REFERENCES "auth_group" ("id") DEFERRABLE INITIALLY DEFERRED, "permission_id" integer NOT NULL REFERENCES "auth_permission" ("id") DEFERRABLE INITIALLY DEFERRED);
CREATE TABLE IF NOT EXISTS "auth_permission" ("id" integer NOT NULL PRIMARY KEY AUTOINCREMENT, "content_type_id" integer NOT NULL REFERENCES "django_content_type" ("id") DEFERRABLE INITIALLY DEFERRED, "codename" varchar(100) NOT NULL, "name" varchar(255) NOT NULL);
INSERT INTO auth_permission VALUES(1,1,'add_logentry','Can add log entry');
INSERT INTO auth_permission VALUES(2,1,'change_logentry','Can change log entry');
INSERT INTO auth_permission VALUES(3,1,'delete_logentry','Can delete log entry');
INSERT INTO auth_permission VALUES(4,1,'view_logentry','Can view log entry');
INSERT INTO auth_permission VALUES(5,2,'add_permission','Can add permission');
INSERT INTO auth_permission VALUES(6,2,'change_permission','Can change permission');
INSERT INTO auth_permission VALUES(7,2,'delete_permission','Can delete permission');
INSERT INTO auth_permission VALUES(8,2,'view_permission','Can view permission');
INSERT INTO auth_permission VALUES(9,3,'add_group','Can add group');
INSERT INTO auth_permission VALUES(10,3,'change_group','Can change group');
INSERT INTO auth_permission VALUES(11,3,'delete_group','Can delete group');
INSERT INTO auth_permission VALUES(12,3,'view_group','Can view group');
INSERT INTO auth_permission VALUES(13,4,'add_contenttype','Can add content type');
INSERT INTO auth_permission VALUES(14,4,'change_contenttype','Can change content type');
INSERT INTO auth_permission VALUES(15,4,'delete_contenttype','Can delete content type');
INSERT INTO auth_permission VALUES(16,4,'view_contenttype','Can view content type');
INSERT INTO auth_permission VALUES(17,5,'add_session','Can add session');
INSERT INTO auth_permission VALUES(18,5,'change_session','Can change session');
INSERT INTO auth_permission VALUES(19,5,'delete_session','Can delete session');
INSERT INTO auth_permission VALUES(20,5,'view_session','Can view session');
INSERT INTO auth_permission VALUES(21,6,'add_token','Can add Token');
INSERT INTO auth_permission VALUES(22,6,'change_token','Can change Token');
INSERT INTO auth_permission VALUES(23,6,'delete_token','Can delete Token');
INSERT INTO auth_permission VALUES(24,6,'view_token','Can view Token');
INSERT INTO auth_permission VALUES(25,7,'add_tokenproxy','Can add Token');
INSERT INTO auth_permission VALUES(26,7,'change_tokenproxy','Can change Token');
INSERT INTO auth_permission VALUES(27,7,'delete_tokenproxy','Can delete Token');
INSERT INTO auth_permission VALUES(28,7,'view_tokenproxy','Can view Token');
INSERT INTO auth_permission VALUES(29,8,'add_message','Can add message');
INSERT INTO auth_permission VALUES(30,8,'change_message','Can change message');
INSERT INTO auth_permission VALUES(31,8,'delete_message','Can delete message');
INSERT INTO auth_permission VALUES(32,8,'view_message','Can view message');
INSERT INTO auth_permission VALUES(33,9,'add_thread','Can add thread');
INSERT INTO auth_permission VALUES(34,9,'change_thread','Can change thread');
INSERT INTO auth_permission VALUES(35,9,'delete_thread','Can delete thread');
INSERT INTO auth_permission VALUES(36,9,'view_thread','Can view thread');
INSERT INTO auth_permission VALUES(37,10,'add_customuser','Can add user');
INSERT INTO auth_permission VALUES(38,10,'change_customuser','Can change user');
INSERT INTO auth_permission VALUES(39,10,'delete_customuser','Can delete user');
INSERT INTO auth_permission VALUES(40,10,'view_customuser','Can view user');
CREATE TABLE IF NOT EXISTS "auth_group" ("id" integer NOT NULL PRIMARY KEY AUTOINCREMENT, "name" varchar(150) NOT NULL UNIQUE);
CREATE TABLE IF NOT EXISTS "users_customuser" ("password" varchar(128) NOT NULL, "last_login" datetime NULL, "is_superuser" bool NOT NULL, "username" varchar(150) NOT NULL UNIQUE, "first_name" varchar(150) NOT NULL, "last_name" varchar(150) NOT NULL, "email" varchar(254) NOT NULL, "is_staff" bool NOT NULL, "is_active" bool NOT NULL, "date_joined" datetime NOT NULL, "id" char(32) NOT NULL PRIMARY KEY);
INSERT INTO users_customuser VALUES('pbkdf2_sha256$720000$Nk5XgGSyklOrwf16behqVG$X6/YXm4ZjhJalC3zWpGwPML4WxQo3K2qkAOhwHUY5ic=',NULL,0,'test1','Vladislav','Testovs','',0,1,'2024-05-12 21:53:40.263166','e2bbc139adb1480f8107e39ac8e69cb5');
INSERT INTO users_customuser VALUES('pbkdf2_sha256$720000$54rPm3ePiblgxNAJDKMGxc$mjEb5jMy6fFgKGE38HECdp0jB3fyBO3daab1iLplK6I=',NULL,0,'test2','Pavel','Ryn','',0,1,'2024-05-12 21:55:12.778193','1fb349f59933479fb0cf14c7524068f2');
INSERT INTO users_customuser VALUES('pbkdf2_sha256$720000$4GW0pAbsyeyWNG7c9OTUc0$23IAXv1j+6FuZUP9UlZGOMzg83zlxLtfV/Ys6hmf7eM=',NULL,0,'test3','Pavel','Ryn','',0,1,'2024-05-13 10:11:46.989689','e1f5e7891c854e5391374d2b8fe2278b');
INSERT INTO users_customuser VALUES('pbkdf2_sha256$720000$Znr3pKcK9RrR20V76NmVUy$+QVplOIivX1iibXCFYIFkARVPxuIVk58xZELAc73NZY=',NULL,0,'test4','Pavel','Ryn','',0,1,'2024-05-13 10:13:03.039454','d97ce25459dc46c982f3e524fcec7b8c');
INSERT INTO users_customuser VALUES('pbkdf2_sha256$720000$kYwLOqbdAqRedSkrkuItgB$jziWaj8aGaFiJVMcmfyXkoO9igIqacPRtp4IFA62hzQ=',NULL,0,'test5','Pavel','Ryn','',0,1,'2024-05-13 10:14:32.673018','0a3fb10c1c4d4c8ca39fa81933adc7c2');
INSERT INTO users_customuser VALUES('pbkdf2_sha256$720000$Wfdwr42XbIRQ7Or9R1E7gv$LQ7nexG/mlN8cOKwf+hgAX+nt7efhlFwPmX3Uo0HoyM=',NULL,0,'test6','Pavel','Ryn','',0,1,'2024-05-13 10:20:13.790483','6087d261f6d5431899807d4baceeb64b');
INSERT INTO users_customuser VALUES('pbkdf2_sha256$720000$fdcewsVYyJ3NQVKupoKeAD$yZ8ET9Mh0320tDtzGjdWHXPwxSmfNXn3bc2Yzx7GPnU=','2024-05-13 18:44:00.781690',1,'admin','','','admin@gmail.com',1,1,'2024-05-13 18:43:39.737505','3578eb8eb64145809017d8bb7fbdc75e');
CREATE TABLE IF NOT EXISTS "users_customuser_groups" ("id" integer NOT NULL PRIMARY KEY AUTOINCREMENT, "customuser_id" char(32) NOT NULL REFERENCES "users_customuser" ("id") DEFERRABLE INITIALLY DEFERRED, "group_id" integer NOT NULL REFERENCES "auth_group" ("id") DEFERRABLE INITIALLY DEFERRED);
CREATE TABLE IF NOT EXISTS "users_customuser_user_permissions" ("id" integer NOT NULL PRIMARY KEY AUTOINCREMENT, "customuser_id" char(32) NOT NULL REFERENCES "users_customuser" ("id") DEFERRABLE INITIALLY DEFERRED, "permission_id" integer NOT NULL REFERENCES "auth_permission" ("id") DEFERRABLE INITIALLY DEFERRED);
CREATE TABLE IF NOT EXISTS "django_admin_log" ("id" integer NOT NULL PRIMARY KEY AUTOINCREMENT, "object_id" text NULL, "object_repr" varchar(200) NOT NULL, "action_flag" smallint unsigned NOT NULL CHECK ("action_flag" >= 0), "change_message" text NOT NULL, "content_type_id" integer NULL REFERENCES "django_content_type" ("id") DEFERRABLE INITIALLY DEFERRED, "user_id" char(32) NOT NULL REFERENCES "users_customuser" ("id") DEFERRABLE INITIALLY DEFERRED, "action_time" datetime NOT NULL);
CREATE TABLE IF NOT EXISTS "authtoken_token" ("key" varchar(40) NOT NULL PRIMARY KEY, "created" datetime NOT NULL, "user_id" char(32) NOT NULL UNIQUE REFERENCES "users_customuser" ("id") DEFERRABLE INITIALLY DEFERRED);
INSERT INTO authtoken_token VALUES('1285021115460cd57745cf9e8e3cd9fe1c753aa3','2024-05-12 21:53:51.278478','e2bbc139adb1480f8107e39ac8e69cb5');
INSERT INTO authtoken_token VALUES('531288767da685f7a07a0d308453258c670be82d','2024-05-12 21:55:27.158845','1fb349f59933479fb0cf14c7524068f2');
INSERT INTO authtoken_token VALUES('40f3f77a9e7d5adeacf0d443c33b02012383cc0b','2024-05-13 10:11:59.026944','e1f5e7891c854e5391374d2b8fe2278b');
INSERT INTO authtoken_token VALUES('81a77a8847d75e3f0848bb94070ad4657320541a','2024-05-13 10:13:09.526011','d97ce25459dc46c982f3e524fcec7b8c');
INSERT INTO authtoken_token VALUES('6b68dabe4357c7fb93431357c909ef6acfec98ee','2024-05-13 10:14:38.995736','0a3fb10c1c4d4c8ca39fa81933adc7c2');
INSERT INTO authtoken_token VALUES('e3804fc87983e5fa6865bf1940e9030422e5b5a6','2024-05-13 10:20:19.958470','6087d261f6d5431899807d4baceeb64b');
CREATE TABLE IF NOT EXISTS "chat_thread" ("id" char(32) NOT NULL PRIMARY KEY, "created" datetime NOT NULL, "updated" datetime NOT NULL);
INSERT INTO chat_thread VALUES('a078149994224f9db2a5384186cb4544','2024-05-13 10:03:47.750880','2024-05-13 10:03:47.751881');
INSERT INTO chat_thread VALUES('bf1ccf085c3d40b5aa5d06f50c057cdd','2024-05-13 10:12:18.351899','2024-05-13 10:12:18.351899');
INSERT INTO chat_thread VALUES('24890b1faf784e54a77894cac5844a98','2024-05-13 10:13:21.102430','2024-05-13 10:13:21.103461');
CREATE TABLE IF NOT EXISTS "chat_thread_participants" ("id" integer NOT NULL PRIMARY KEY AUTOINCREMENT, "thread_id" char(32) NOT NULL REFERENCES "chat_thread" ("id") DEFERRABLE INITIALLY DEFERRED, "customuser_id" char(32) NOT NULL REFERENCES "users_customuser" ("id") DEFERRABLE INITIALLY DEFERRED);
INSERT INTO chat_thread_participants VALUES(1,'a078149994224f9db2a5384186cb4544','e2bbc139adb1480f8107e39ac8e69cb5');
INSERT INTO chat_thread_participants VALUES(2,'a078149994224f9db2a5384186cb4544','1fb349f59933479fb0cf14c7524068f2');
INSERT INTO chat_thread_participants VALUES(3,'bf1ccf085c3d40b5aa5d06f50c057cdd','e1f5e7891c854e5391374d2b8fe2278b');
INSERT INTO chat_thread_participants VALUES(4,'bf1ccf085c3d40b5aa5d06f50c057cdd','1fb349f59933479fb0cf14c7524068f2');
INSERT INTO chat_thread_participants VALUES(5,'24890b1faf784e54a77894cac5844a98','d97ce25459dc46c982f3e524fcec7b8c');
INSERT INTO chat_thread_participants VALUES(6,'24890b1faf784e54a77894cac5844a98','1fb349f59933479fb0cf14c7524068f2');
CREATE TABLE IF NOT EXISTS "django_session" ("session_key" varchar(40) NOT NULL PRIMARY KEY, "session_data" text NOT NULL, "expire_date" datetime NOT NULL);
INSERT INTO django_session VALUES('hus6mbddjf84dp01u8wql7u5iz3jjy9u','.eJxVjTsOwjAQBe_iGlt27NheSnrOEO161ySAEimfCnF3iJQC6jcz76U63Na-2xaZu4HVWfk2ZaEsmmJwOrTZarAuac5EqRKX1Io6_WqE5SHj7vIdx9tkyjSu80BmR8yxLuY6sTwvB_sX6HHp92cbxYcKhSxEQqkcoq2SvYjUEAOBhyaiEyQGzOQEOFusTfmStWH1_gAbsEKw:1s6aeW:S9V6fFXo-OG4orSLFI3voSUuxp9wwe7YXYtQigwPeX0','2024-05-27 18:44:00.789690');
CREATE TABLE IF NOT EXISTS "chat_message" ("id" char(32) NOT NULL PRIMARY KEY, "text" text NOT NULL, "created" datetime NOT NULL, "is_read" bool NOT NULL, "sender_id" char(32) NOT NULL REFERENCES "users_customuser" ("id") DEFERRABLE INITIALLY DEFERRED, "thread_id" char(32) NOT NULL REFERENCES "chat_thread" ("id") DEFERRABLE INITIALLY DEFERRED);
INSERT INTO chat_message VALUES('c79ffab2cf724713bd925b351011b5ff','Hi','2024-05-13 16:34:55.237625',1,'1fb349f59933479fb0cf14c7524068f2','a078149994224f9db2a5384186cb4544');
INSERT INTO chat_message VALUES('1dc5ad93c06946f7bfac1f0f6b5d287d','Hello','2024-05-13 16:38:07.127358',1,'e1f5e7891c854e5391374d2b8fe2278b','a078149994224f9db2a5384186cb4544');
INSERT INTO chat_message VALUES('c1e335e7944d4f619f2600f745dfdefb','How are you?','2024-05-13 16:46:34.678868',1,'1fb349f59933479fb0cf14c7524068f2','a078149994224f9db2a5384186cb4544');
INSERT INTO chat_message VALUES('71c634b29dba4758b23e44928b535391','I am waiteing for your answer','2024-05-13 17:07:32.770939',1,'1fb349f59933479fb0cf14c7524068f2','a078149994224f9db2a5384186cb4544');
INSERT INTO chat_message VALUES('61b99fd7cf4f45f086df2de6e14dc131','Somth','2024-05-13 17:19:15.668118',0,'1fb349f59933479fb0cf14c7524068f2','bf1ccf085c3d40b5aa5d06f50c057cdd');
INSERT INTO chat_message VALUES('0642961d5f864cc0911daf7aa0a0226a','Somth test','2024-05-13 17:22:51.000702',0,'1fb349f59933479fb0cf14c7524068f2','bf1ccf085c3d40b5aa5d06f50c057cdd');
DELETE FROM sqlite_sequence;
INSERT INTO sqlite_sequence VALUES('django_migrations',27);
INSERT INTO sqlite_sequence VALUES('django_content_type',10);
INSERT INTO sqlite_sequence VALUES('auth_permission',40);
INSERT INTO sqlite_sequence VALUES('auth_group',0);
INSERT INTO sqlite_sequence VALUES('django_admin_log',0);
INSERT INTO sqlite_sequence VALUES('chat_thread_participants',10);
CREATE UNIQUE INDEX "django_content_type_app_label_model_76bd3d3b_uniq" ON "django_content_type" ("app_label", "model");
CREATE UNIQUE INDEX "auth_group_permissions_group_id_permission_id_0cd325b0_uniq" ON "auth_group_permissions" ("group_id", "permission_id");
CREATE INDEX "auth_group_permissions_group_id_b120cbf9" ON "auth_group_permissions" ("group_id");
CREATE INDEX "auth_group_permissions_permission_id_84c5c92e" ON "auth_group_permissions" ("permission_id");
CREATE UNIQUE INDEX "auth_permission_content_type_id_codename_01ab375a_uniq" ON "auth_permission" ("content_type_id", "codename");
CREATE INDEX "auth_permission_content_type_id_2f476e4b" ON "auth_permission" ("content_type_id");
CREATE UNIQUE INDEX "users_customuser_groups_customuser_id_group_id_76b619e3_uniq" ON "users_customuser_groups" ("customuser_id", "group_id");
CREATE INDEX "users_customuser_groups_customuser_id_958147bf" ON "users_customuser_groups" ("customuser_id");
CREATE INDEX "users_customuser_groups_group_id_01390b14" ON "users_customuser_groups" ("group_id");
CREATE UNIQUE INDEX "users_customuser_user_permissions_customuser_id_permission_id_7a7debf6_uniq" ON "users_customuser_user_permissions" ("customuser_id", "permission_id");
CREATE INDEX "users_customuser_user_permissions_customuser_id_5771478b" ON "users_customuser_user_permissions" ("customuser_id");
CREATE INDEX "users_customuser_user_permissions_permission_id_baaa2f74" ON "users_customuser_user_permissions" ("permission_id");
CREATE INDEX "django_admin_log_content_type_id_c4bce8eb" ON "django_admin_log" ("content_type_id");
CREATE INDEX "django_admin_log_user_id_c564eba6" ON "django_admin_log" ("user_id");
CREATE UNIQUE INDEX "chat_thread_participants_thread_id_customuser_id_8391d0fa_uniq" ON "chat_thread_participants" ("thread_id", "customuser_id");
CREATE INDEX "chat_thread_participants_thread_id_5167d8b7" ON "chat_thread_participants" ("thread_id");
CREATE INDEX "chat_thread_participants_customuser_id_d2a2996f" ON "chat_thread_participants" ("customuser_id");
CREATE INDEX "django_session_expire_date_a5c62663" ON "django_session" ("expire_date");
CREATE INDEX "chat_message_sender_id_991c686c" ON "chat_message" ("sender_id");
CREATE INDEX "chat_message_thread_id_6a43dfba" ON "chat_message" ("thread_id");
COMMIT;
